FILE,ARTIST,TITLE,RELEASE YEAR,LABEL,ISSUE YEAR,SERIAL #,PRESSING,DISC #,COLOR,NOTES,NEEDLE: 2.0 / 1.5
(MISC.),Γιώργος Χατζηνάσιος; Δημήτρης Μητροπάνος,Τα Συναξάρια,1981,Philips,1981,6483 285,,,,Gatefold,
(MISC.),Various,A Full House,1982,Crystal Ball,1982,CB-106,Compilation,,,,
(MISC.),Various,Alle 24 Goed!,1985,Demolition Derby,2000,NITRO16,Compilation; Reissue,,,Insert,
(MISC.),Vestry Records,Test,1994,Vestry,1994,V-009,,,,,
(MISC.),Various,Pacific Parc Rock & Roll Hitparade,2015,Neo,2015,,,,,,
(MISC.),???,???,,Song Iwu,,SAL-9006,,,,,
(MUSICALS),Andrew Lloyd Webber; Tim Rice,Jesus Christ Superstar,1970,Decca,1970,DXA 7206,,2,,Gatefold; Booklet missing,
(NUMERO),Various,Seafaring Strangers: Private Yacht,2017,Numero Group,2019,NUM072,Compilation; Repress,2,Lavender,Numero Group 072; Gatefold; Booklet,
(NUMERO),Various,Eccentric Funk,2020,Numero,2022,NUM 501,Compilation,,Clear w/ yellow & purple splatter,,
(RELIGIOUS),The Johannes-Damascenus Choir of Essen,Liturgical Music From the Russian Choir,1965,Nonesuch,1965,H-71073,,,,,
(SOUNDTRACKS),Various,Saturday Night Fever,1977,RSO,1977,RS-2-4001,Repress,2,,Gatefold,
(SOUNDTRACKS),Various,Running Scared,1986,MCA,1986,MCA-6169,,,,,
"10,000 Maniacs","10,000 Maniacs",In My Tribe,1987,Elektra,1987,9 60738-1,Specialty,,,,
100 gecs,100 gecs,1000 gecs,2019,Dog Show,2020,MDS003V,Reissue,,,,
100 gecs,100 gecs,"10,000 gecs",2023,Dog Show,2023,075678642203,Limited Edt.,,White,Insert,
5th Dimension,The 5th Dimension,The Age of Aquarius,1969,Soul City,1969,SCS-92005,All Disc,,,Gatefold,
ABBA,ABBA,Greatest HIts Vol. 2,1979,Atlantic,1979,SD 16009,Compilation; Club Edition,,,Gatefold,
AC/DC,AC/DC,Dirty Deeds Done Dirt Cheap,1976,Atlantic,1981,SD 16033,Specialty,,,,
AC/DC,AC/DC,High Voltage,1976,Columbia,,E 80201,Reissue; Remaster; 180 gram,,,,
AC/DC,AC/DC,Highway to Hell,1979,Columbia,2003,E 80206,Reissue; Remaster; 180g,,,,
AC/DC,AC/DC,Back in Black,1980,Atlantic,1980,SD 16018,Specialty,,,Embossed cover; Grey print,
AC/DC,AC/DC,For Those About to Rock (We Salute You),1981,Atlantic,1981,SD 11111,Specialty Pressing,,,Gatefold,
Action Bronson,Action Bronson,Mr. Wonderful,2015,Atlantic,2015,7567-86706-3,,,,Insert,
Action Bronson,Action Bronson,Only For Dolphins,2020,Loma Vista,2020,LVR01365,,,,Gatefold,
Action Bronson,Action Bronson,Cocodrillo Turbo,2022,Loma Vista,2022,LVR02506,Limited,,Clear,,
Aerosmith,Aerosmith,Toys in the Attic,1975,Columbia,1975,PC 33479,Pitman,,,,
Aerosmith,Aerosmith,Rocks,1976,Columbia,1976,PC 34165,Pitman,,,,
"Allison, Mose",Mose Allison,Transfiguration of Hiram Brown,1960,Columbia Special Products,1973,JCS 8240,Reissue,,,,
Allman Brothers Band,The Allman Brothers Band,At Fillmore East,1971,Mercury,2008,823 273-1,Reissue; 180 gram,2,,Gatefold,
Allman Brothers Band,The Allman Brothers Band,Brothers and Sisters,1973,Polydor,1986,CPN 0111,Reissue,,,,
"Alpert, Herb",Herb Alpert's Tijuana Brass,Whipped Cream & Other Delights,1965,A&M,1965,SP 4110,Stereo,,,,
Animal Collective,Avey Tare and Panda Bear,"Spirit They're Gone, Spirit They've Vanished",2000,Domino,2023,REWIGLP175,Reissue; Remastered,2,,Gatefold,
Animal Collective,Animal Collective,Sung Tongs,2004,Domino,2021,AC006LP,Reissue,2,,Gatefold,
Animal Collective,Animal Collective,Feels,2005,Domino,2021,AC008LP,Reissue,2,,Gatefold,
Animal Collective,Animal Collective,Strawberry Jam,2007,Domino,2011,DNO156,150 gram,2,,Gatefold,
Animal Collective,Animal Collective,Fall Be Kind,2009,Domino,2009,DNO246,145 gram,,,,
Animal Collective,Animal Collective,Merriweather Post Pavilion,2009,Domino,2009,DNO 219,,2,,Gatefold,
Animal Collective,Animal Collective,Centipede Hz,2012,Domino,2012,DNO310,150 gram,2,,Gatefold,
Animal Collective,Animal Collective,Painting With,2016,Domino,2016,WIGLP362,180 gram,,,Avey Tare cover,
Animal Collective,Animal Collective,Time Skiffs,2022,Domino,2022,WIGLP501X,Limited; 45rpm,2,Ruby (trans.),,
Animal Collective,Animal Collective,Isn't It Now?,2023,Domino,2023,WIGLP528X,Limited;,2,Tangerine,Gatefold,
Association,The Association,"The Association ""Live""",1970,Warner Bros.,1970,2WS 1868,Pitman,2,,Gatefold; Embossed cover,
Avalanches,The Avalanches,Since I Left You,2000,XL Recordings,2016,XLLP 138,Reissue; Repress,2,,Gatefold,
Avalanches,The Avalanches,Wildflower,2016,Astralwerks,2016,25479112032,,2,,,
Avalanches,The Avalanches,We Will Always Love You,2020,Modular,2020,060250849963,,2,Green (trans.),,
Bachman-Turner Overdrive,Bachman-Turner Overdrive,Four Wheel Drive,1975,Mercury,1975,SRM-1-1027,,,,Gatefold,
Bananarama,Bananarama,Bananarama,1984,London,1984,820 165-1 R-1,Club Edt.,,,,
Band,The Band,Music from Big Pink,1968,Capitol,1969,SKAO 2955,Repress; Green label,,,Gatefold,
Band,The Band,The Band,1969,Capitol,1969,STAO-132,Los Angeles,,,Gatefold,
Band,The Band,Stage Fright,1970,Capitol,1980,SN-16006,Reissue,,,,
Band,The Band,Cahoots,1971,Capitol,1980,SN-16003,Reissue,,,,
Bar-Kays,Bar-Kays,Flying High on Your Love,1977,Mercury,1977,SRM-1-1181,Pitman,,,,
Bar-Kays,Bar-Kays,Injoy,1979,Mercury,1979,SRM-1-3781,,,,,
Bar-Kays,Bar-Kays,Animal,1989,Mercury,1989,836 774-1,,,,,
Baroness,Baroness,Purple,2015,Abraxan Hymns,2015,ABXN-001,180 gram,,,Gatefold; Booklet,
Beach Boys,The Beach Boys,Little Deuce Coupe,1963,Capitol,1976,SM-1998,Reissue; Jacksonville,,,,
Beach Boys,The Beach Boys,Shut Down Volume 2,1964,Capitol,1964,T 2027,Mono,,,,
Beach Boys,The Beach Boys,Summer Days (And Summer Nights!!),1965,Capitol,1965,T 2354,Mono,,,,
Beach Boys,The Beach Boys,The Beach Boys Today!,1965,Capitol,1965,T 2269,Los Angeles; Mono,,,,
Beach Boys,The Beach Boys,Best of the Beach Boys,1966,Starline,1969,DT 2545,Compilation; Reissue,,,,
Beach Boys,The Beach Boys,Pet Sounds,1966,Capitol,2008,T-2458,Reissue,,,,
Beach Boys,The Beach Boys,Wild Honey,1967,Capitol,1967,ST 2859,Scranton,,,,
Beach Boys,The Beach Boys,"The Best of the Beach Boys, Vol. 3",1968,Capitol,1968,DKAO 2945,Compilation,,,Gatefold,
Beach Boys,The Beach Boys,Surf's Up,1971,Reprise,1971,RS 6453,Santa Maria,,,Insert,
Beach Boys,The Beach Boys,"Carl and the Passions - ""So Tough""",1972,Capitol,2015,B0022284-01,Reissue,,,,
Beach Boys,The Beach Boys,Holland,1973,Reprise,1973,MS-2118,,,,missing EP,
Beach Boys,The Beach Boys,Friends / Smiley Smile,1974,Warner Bros.,1974,2MS 2167,Reissue,2,,Gatefold,
Beach Boys,The Beach Boys,L.A. (Light Album),1979,Caribou,1979,JZ 35752,Pitman,,,,
Beach Boys,The Beach Boys,The Smile Sessions,2011,Capitol,2011,T 2580,180 gram,2,,,
Beach House,Beach House,Devotion,2008,Carpark,,Carpark 42,Reissue; Repress,2,,Gatefold,
Beach House,Beach House,Teen Dream,2010,Sub Pop,2010,SP 845,,2,,Gatefold; Insert,
Beach House,Beach House,Bloom,2012,Sub Pop,2023,SP 965,Reissue; 45rpm,2,,,
Beach House,Beach House,Depression Cherry,2015,Sub Pop,2015,SP1122,,,,Velvet cover,
Beach House,Beach House,Thank Your Lucky Stars,2015,Sub Pop,2015,SP1142,,,,Gatefold,
Beach House,Beach House,B-Sides and Rarities,2017,Sub Pop,2017,SP 1205,,,,Compilation,
Beach House,Beach House,7,2018,Sub Pop,2018,SP1240,,,,Gatefold,
Beach House,Beach House,Once Twice Melody,2022,Sub Pop,2022,SP 1470,Silver Edition,2,,Embossed cover; Poster,
Beach House,Beach House,Become,2023,Sub Pop,2023,SP1545,45rpm; Limited Edt.; RSD,,Clear,,
Beastie Boys,Beastie Boys,Licensed to Ill,1986,Def Jam,2016,B0024720-01,Reissue; 30th Anniversary; 180g,,,Gatefold,
Beastie Boys,Beastie Boys,Paul's Boutique,1989,Capitol,2009,509996 93300 18,Reissue,,,Gatefold,
Beastie Boys,Beastie Boys,Ill Communication,1994,Grand Royal,,509996 94232 15,Reissue; Remaster; 180 gram,2,,Gatefold,
Beatles,The Beatles,Please Please Me,1963,Parlophone,2012,PCS 3042,Reissue; Remaster; Stereo; 180 gram,,,,
Beatles,The Beatles,Help!,1965,Parlophone,2012,PCS 3071,Reissue; 180 gram,,,,
Beatles,The Beatles,Revolver,1966,Parlophone,2012,PCS 7009,Reissue; Remaster; Stereo; 180 gram,,,,
Beatles,The Beatles,Magical Mystery Tour,1967,Capitol,1967,SMAL-2835,Los Angeles,,,Gatefold; Booklet,
Beatles,The Beatles,Sgt. Pepper's Lonely Hearts Club Band,1967,Capitol,1968,2653,Stereo,,,Gatefold,
Beatles,The Beatles,"The Beatles [""The White Album""]",1968,Capitol,1976,SWBO 101,Winchester; Reissue,2,,Gatefold; Inserts,
Beatles,The Beatles,Abbey Road,1969,Apple,1969,SO-383,Jacksonville,,,,
Beatles,The Beatles,Abbey Road,1969,Apple,1995,C1 46446,Reissue,,,,
Beatles,The Beatles,Let It Be,1970,Capitol,1979,SW-11922,Reissue; Jacksonville; Stereo,,,,
Beck,Beck,Mellow Gold,1994,Bong Load,2021,BL 12,Unofficial,,Orange marble (trans.),,
Beck,Beck,Odelay,1996,DGC,2016,602547933782,Reissue; Remaster; 180 gram,,,Insert,
Beck,Beck,Odelay,1996,Bong Load,,BL30,Unofficial,,Red marble,,
Beck,Beck,Sea Change,2002,DGC,2016,B0025355-01,Reissue,2,,Gatefold,
Beck,Beck,Guero,2005,Interscope,2016,B0025356-01,Reissue,,,,
Beck,Beck,Modern Guilt,2008,DGC,2008,B0011630-01,,,,Insert,
Beck,Beck,Morning Phase,2014,Capitol,2014,B001983901,180 gram,,,,
Beck,Beck,Colors,2017,Fonograf,2017,B002724101,Limited; 180 gram,,Yellow (trans.),Insert,
Beck,Beck,Hyperspace,2019,Capitol,2019,B003117001,Limited; 180 gram,,Silver,Gatefold,
"Beck, Jeff",Jeff Beck,Truth,1968,Epic,1978,PE 26413,Repress; Stereo,,,,
"Beck, Jeff","Beck, Bogert & Appice","Beck, Bogert & Appice",1973,Epic,1973,KE 32140,,,,,
"Beck, Jeff",Jeff Beck,Blow By Blow,1975,Epic,1975,PE 33409,Santa Maria,,,,
"Beck, Jeff",Jeff Beck,Wired,1976,Epic,1976,PE 33849,Santa Maria,,,,
"Belafonte, Harry",Harry Belafonte,Calypso,1956,RCA Victor,1956,LPM-1248,Hollywood; mono,,,,
"Benson, George",George Benson,Breezin',1976,Warner Bros.,1976,BS 2919,Los Angeles; Repress,,,,
"Benson, George",George Benson,Livin' Inside Your Love,1979,Warner Bros.,1979,2BSK 3277,Jacksonville,2,,Gatefold,
"Benson, George",George Benson,Give Me the Night,1980,Warner Bros.,1980,HS 3453,Winchester,,,,
Big Star,Big Star,Radio City,1974,Ardent,2011,ADS 1501,Reissue; Remaster; Repress,,,,
Björk,Björk,Debut,1993,One Little Indian,2015,TPLP31,Reissue; 180 gram,,,,
Björk,Björk,Post,1995,One Little Indian,2015,TPLP51,Reissue; 180 gram,,,,
Björk,Björk,Homogenic,1997,One Little Independent,,TPLP71,Reissue; 180 gram,,,,
Björk,Björk,Vespertine,2001,One Little Indian,,TPLP101,Reissue,2,,Gatefold,
Björk,Björk,Medúlla,2004,One Little Indian,2015,TPLP358,Reissue; 180 gram; 45 rpm,2,,Gatefold,
Björk,Björk,Fossora,2022,One Little Independent,2022,TPLP 1485,,2,,Gatefold,
BJRE,BJRE,Warm Winter Winds,1975,self-released,1975,BJRE-128,,,,,
Black Sabbath,Black Sabbath,Paranoid,1970,Warner Bros.,1979,BSK 3104,Jacksonville; Reissue,,,Gatefold,
Black Sabbath,Black Sabbath,Master of Reality,1971,Warner Bros.,1971,BS 2562,Pitman; Reissue,,,Embossed cover,
"Blood, Sweat & Tears","Blood, Sweat & Tears","Blood, Sweat & Tears",1968,Columbia,1969,CS 9720,,,,Gatefold,
"Blood, Sweat & Tears","Blood, Sweat & Tears",Child Is Father to the Man,1968,Columbia,1968,CS 9619,,,,,
Boston,Boston,Boston,1976,Epic,1977,JE 34188,Terre Haute,,,,
"Bowie, David",David Bowie,Station to Station,1976,RCA Victor,1976,APL1-1327,Hollywood Press,,,,
"Bowie, David",David Bowie,Let's Dance,1983,EMI America,1983,SO-17093,,,,,
"Branigan, Laura",Laura Branigan,Branigan,1982,Atlantic,1982,SD 19289,,,,,
"Brickell, Edie",Edie Brickell & New Bohemians,Shooting Rubberbands at the Stars,1988,Geffen,1988,GHS 24192,,,,,
"Browne, Jackson",Jackson Browne,The Pretender,1976,Asylum,1976,7ES-1079,,,,,
"Browne, Jackson",Jackson Browne,Hold Out,1980,Asylum,1980,5E-511,Terre Haute,,,,
"Brubeck, Dave",The Dave Brubeck Quartet,Time Out,1959,Columbia,1962,CL 1397,Reissue; Mono,,,,
Byrds,"Byrds, The",Mr. Tambourine Man,1965,Columbia,1965,CL 2372,,,,,
CAKE,CAKE,Fashion Nugget,1996,Upbeat,2022,19439966461,Reissue; Remaster; 180g,,,,
Camper Van Beethoven,Camper Van Beethoven,Our Beloved Revolutionary Sweetheart,1988,Virgin,1988,7 90918-1,,,,,
Captain Beefheart,Captain Beefheart & His Magic Band,Trout Mask Replica,1969,Third Man,2018,TMR-546,Reissue; Remaster; 180g,2,,Gatefold; Insert,
Caribou,Caribou,Andorra,2007,Merge,2007,MRG308,180 gram,,,Gatefold,
Caribou,Caribou,Swim,2010,Merge,2010,MRG348,45rpm,2,,Gatefold,
Caribou,Caribou,Our Love,2014,Merge,2014,MRG488,180 gram,,,,
Caribou,Caribou,Suddenly,2020,Merge,2020,MRG708,,,,,
Cars,The Cars,The Cars,1978,Elektra,1978,6E 135,Club edt.,,,,
"Cash, Johnny",Johnny Cash,Johnny Cash with His Hot and Blue Guitar!,1957,Sun,1957,LP 1220,,,,,
"Cash, Johnny",Johnny Cash,Ring of Fire: The Best of Johnny Cash,1963,Columbia,1963,CS 8853,Compilation; Stereo,,,,
"Cash, Johnny",Johnny Cash & June Carter,Carryin' On with Johnny Cash & June Carter,1967,Columbia,1967,CS 9528,Terre Haute; Stereo,,,,
"Cash, Johnny",Johnny Cash,The Walls of a Prison,1970,Harmony,1970,KH 30138,Pitman; compilation,,,,
"Cash, Johnny",Johnny Cash,Understand Your Man,1971,Harmony,1971,KH 30916,Compilation,,,,
Chambers Brothers,The Chambers Brothers,"Love, Peace and Happiness / Live at Bill Graham's Fillmore East",1969,Columbia,1969,KGP 20,Terre Haute,2,,Gatefold,
"Chapman, Tracy",Tracy Chapman,Tracy Chapman,1988,Elektra,1988,9 60774-1,Specialty Pressing,,,,
Chat Pile,Chat Pile,God's Country,2022,Flenser,2023,FR129,Repress; Limited edt.,,Grimace purple,Insert,
Chic,Chic,Chic,1977,Atlantic,1977,SD 19153,PR,,,,
Chic,Chic,C'est Chic,1978,Atlantic,1978,SD 19209,,,,,
Chic,Chic,Risqué,1979,Atlantic,1979,SD 16003,RI; Promo,,,,
Chic,Chic,Real People,1980,Atlantic,1980,SD 16016,Specialty,,,,
Chic,Chic,Take It Off,1981,Atlantic,1981,SD 19323,,,,,
Childish Gambino,Childish Gambino,Because the Internet,2013,Glassnote,2020,GLS-0152-01R,Reissue,2,,,
Childish Gambino,Childish Gambino,Kauai,2014,mcDJ,2022,CG001LP,Limited; RSD,,Blue/yellow split,Insert,
Childish Gambino,Childish Gambino,"""Awaken, My Love!""",2016,Glassnote,2017,GLS-0221-01,,,,,
Clash,The Clash,Combat Rock,1982,Epic,1982,FE 37689,,,,,
"Cobham, Billy",Billy Cobham,A Funky Thide of Sings,1975,Atlantic,1975,SD 18149,MO,,,,A: 0.5 / 0.25
"Cobham, Billy",Billy Cobham,Life & Times,1976,Atlantic,1976,SD 18166,MO,,,,
"Cobham, Billy",Billy Cobham,Inner Conflicts,1978,Atlantic,1978,SD 19174,Promo,,,,
Cold Blood,Cold Blood,Cold Blood,1969,San Francisco,1969,SD 200,PR - Presswell,,,,
"Coleman, Ornette",Ornette Coleman,Science Fiction,1972,CBS,1972,KC 31061,Santa Maria,,,,
Commodores,Commodores,Hot on the Tracks,1976,Motown,1976,M6-867S1,,,,,
Commodores,Commodores,Natural High,1978,Motown,1978,M7-902R1,,,,T-shirt order insert,
Commodores,Commodores,Midnight Magic,1979,Motown,1979,M8-926M1,,,,,
Commodores,Commodores,In the Pocket,1981,Motown,1981,M8-955M1,,,,,
"Costello, Elvis",Elvis Costello and the Attractions,The Best of Elvis Costello and the Attractions,1985,Columbia,1985,FC 40101,Compilation,,,,
Cream,Cream,Disraeli Gears,1967,ATCO,1967,SD 33-232,,,,,A: 0.4 / 0.0; B: 0.25 / 0.0
"Crosby, Stills & Nash","Crosby, Stills & Nash","Crosby, Stills & Nash",1969,Atlantic,1969,SD-8229,Terre Haute,,,Gatefold,
"Crosby, Stills, Nash & Young","Crosby, Stills, Nash & Young",Déjá Vu,1970,Atlantic,1970,SD-7200,,,,Laminated gatefold,
"Cross, Christopher",Christopher Cross,Another Page,1983,Warner Bros.,1983,9 23757-1,Club edt.,,,,
Cure,The Cure,Standing on a Beach - The Singles,1986,Elektra,1986,60477-1,Compilation,,,Gatefold,
Cure,The Cure,"Kiss Me, Kiss Me, Kiss Me",1987,Elektra,1987,9 60737-1,,2,,,
CZARFACE,"CZARFACE, MF DOOM",CZARFACE Meets Metal Face,2018,Silver Age,2020,SIL003-LP,Reissue,,,,
CZARFACE,"CZARFACE, MF DOOM",Super What?,2021,Silver Age,2021,SIL 015-LP,,,,,
Daft Punk,Daft Punk,Homework,1997,Warner Music France,2022,0190296611926,Reissue; Repress,2,,,
Daft Punk,Daft Punk,Discovery,2001,ADA,2021,0190296617164,Reissue,2,,Gatefold,
Daft Punk,Daft Punk,Alive 2007,2007,ADA,2022,01902996611964,Reissue,2,,Gatefold,
Daft Punk,Daft Punk,Random Access Memories,2013,Columbia,2013,88883716861,180 gram,2,,Gatefold; Insert,
"Daltrey, Roger",Roger Daltrey,Under a Raging Moon,1985,Atlantic,1985,812169-1,,,,,
"Davis, Miles",Miles Davis,Birth of the Cool,1957,DOL,2016,DOL801HB,Compilation; Reissue,,White,,
"Davis, Miles",Miles Davis,Sketches of Spain,1960,DOL,2017,DOL789HG,Reissue; 180 gram; 45rpm,,,Gatefold,
"Davis, Miles",Miles Davis,Bitches Brew,1970,Columbia,2020,19075950861,Reissue,2,,Gatefold,
"Davis, Miles",Miles Davis,Get Up with It,1974,Columbia,1974,KG 33236,Pitman; Promo,2,,Gatefold,C: 1.5 / 1.0
"Davis, Miles",Miles Davis,Circle in the Round,1979,Columbia,1979,KC2 36278,,2,,Gatefold,
"Davis, Miles",Miles Davis,The Man with the Horn,1981,Columbia,1981,FC 36790,Terre Haute,,,,
Delaney & Bonnie,Delaney & Bonnie & Friends,On Tour with Eric Clapton,1970,ATCO,1970,SD 33-326,,,,,
"DeMarco, Mac",Mac DeMarco,2,2012,Captured Tracks,2018,CT-164,Reissue,,,,
"Denny, Martin",Martin Denny,Quiet Village: The Exotic Sounds of Martin Denny,1959,Liberty,1960,LST 7122,Repress,,,,
Derek and the Dominos,Derek and the Dominos,Layla and Other Assorted Love Songs,1970,ATCO,1970,SD 2-704,MO - Monarch,2,,Gatefold,
"Diamond, Neil",Neil Diamond,Jonathan Livingston Seagull,1973,Columbia,1973,JS 32550,,,,Gatefold; Booklet,A: 0.4 / 0.0
"Diamond, Neil",Neil Diamond,Beautiful Noise,1976,Columbia,1976,PC 33965,,,,Gatefold,
"Diamond, Neil",Neil Diamond,I'm Glad You're Here with Me Tonight,1977,CBS,1977,CBS 86044,,,,,
Dinosaur Jr.,Dinosaur Jr.,Sweep It Into Space,2021,Jagjaguwar,2021,JAG366LP-C1,,,Purple ripple,,
Dire Straits,Dire Straits,Dire Straits,1978,Warner Bros.,1978,BSK 3266,Winchester,,,,
Dire Straits,Dire Straits,Communiqué,1979,Warner Bros.,1979,HS 3330,Jacksonville,,,,
Dire Straits,Dire Straits,Making Movies,1980,Warner Bros.,1983,BSK 3480,Specialty; Repress,,,,
Dire Straits,Dire Straits,Brothers in Arms,1985,Warner Bros.,1985,9 25264-1,Allied,,,,
DOMi & JD BECK,DOMi & JD BECK,NOT TiGHT,2022,Blue Note,2022,B003590801,180g,,,Insert,
Donovan,Donovan,Donovan's Greatest Hits,1969,Epic,1979,PE 26439,Compilation; Reissue,,,,
Doobie Brothers,The Doobie Brothers,The Captain and Me,1973,Warner Bros.,1974,BS 2694,Repress,,,Gatefold,
Doobie Brothers,The Doobie Brothers,What Were Once Vices Are Now Habits,1974,Warner Bros.,1974,W 2750,,,,,
Doobie Brothers,The Doobie Brothers,Takin' It to the Streets,1976,Warner Bros.,1976,BS 2899,,,,Gatefold,
Doobie Brothers,The Doobie Brothers,Livin' on the Fault Line,1977,Warner Bros.,1977,BSK 3045,,,,,
Doobie Brothers,The Doobie Brothers,Minute By Minute,1978,Warner Bros.,1978,BSK 3193,Goldisc,,,,
Doobie Brothers,The Doobie Brothers,One Step Closer,1980,Warner Bros.,1980,HS 3452,,,,Embossed cover,
Dr. Dre,Dr. Dre,The Chronic,1992,Death Row,2001,DRR 63000-1,Reissue; Remaster,2,,Insert,
"Duke, George",George Duke,Follow the Rainbow,1979,Epic,1979,JE 35701,,,,,
"Duke, George",George Duke,Master of the Game,1979,Epic,1979,JE 36263,,,,,
"Duke, George",George Duke,Dream On,1982,Epic,1982,FE 37532,,,,,
"Dylan, Bob",Bob Dylan,Bob Dylan,1962,Columbia,1975,KCS 8579,Pitman; Reissue; Stereo,,,,
"Dylan, Bob",Bob Dylan,The Freewheelin' Bob Dylan,1963,Columbia,2018,88985455281,Reissue; 180 gram,,,,
"Dylan, Bob",Bob Dylan,Another Side of Bob Dylan,1964,Columbia,1965,CS 8993,Repress,,,,
"Dylan, Bob",Bob Dylan,The Times They Are a-Changin',1964,Sundazed,2014,LP 5108,Reissue; Mono,,,,
"Dylan, Bob",Bob Dylan,Bringing It All Back Home,1965,Sundazed,2012,LP 5070,Reissue,,,,
"Dylan, Bob",Bob Dylan,Highway 61 Revisited,1965,Sundazed,2012,LP 5071,Reissue,,,,
"Dylan, Bob",Bob Dylan,Blonde on Blonde,1966,Columbia,1966,C2S 841,Pitman,,,,
"Dylan, Bob",Bob Dylan,Bob Dylan's Greatest Hits,1967,Columbia,1967,KCS 9463,Compilation,,,,
"Dylan, Bob",Bob Dylan,John Wesley Harding,1967,Columbia,1967,CS 9604,Terre Haute,,,,
"Dylan, Bob",Bob Dylan,Nashville Skyline,1969,Columbia,1971,KCS 9825,Pitman; Repress,,,,
"Dylan, Bob",Bob Dylan,New Morning,1970,Columbia,1970,KC 30290,Terre Haute,,,,
"Dylan, Bob",Bob Dylan,Self Portrait,1970,Columbia,1970,C2X 30050,Santa Maria; Repress,2,,Gatefold,
"Dylan, Bob",Bob Dylan,Bob Dylan's Greatest Hits Vol. II,1971,Columbia,,PG 31120,Carrollton; Reissue,2,,Gatefold,
"Dylan, Bob",Bob Dylan,Dylan,1973,Columbia,1973,PC 32747,Terre Haute (var.),,,,
"Dylan, Bob",Bob Dylan,Pat Garrett & Billy the Kid,1973,Columbia,1973,KC 32460,,,,,
"Dylan, Bob",Bob Dylan; The Band,Before the Flood,1974,CBS,1982,KG 37661,Reissue,2,,Gatefold,
"Dylan, Bob",Bob Dylan,Planet Waves,1974,Asylum,1974,7E-1003,Pitman,,,,
"Dylan, Bob",Bob Dylan,Blood on the Tracks,1975,Columbia,1975,PC 33235,Terre Haute Pressing,,,,
"Dylan, Bob",Bob Dylan; The Band,The Basement Tapes,1975,Columbia,1975,C2 33682,,2,,Gatefold,
"Dylan, Bob",Bob Dylan,Desire,1976,Columbia,1976,PC 33893,Santa Maria,,,,
"Dylan, Bob",Bob Dylan,Hard Rain,1976,Columbia,,PC 34349,Reissue,,,,
"Dylan, Bob",Bob Dylan,Street-Legal,1978,Columbia,1978,JC 35453,,,,,
"Dylan, Bob",Bob Dylan,Slow Train Coming,1979,Columbia,1979,FC 36120,Santa Maria,,,,
"Dylan, Bob",Bob Dylan,Saved,1980,Columbia,1980,FC 36553,Terre Haute,,,,
"Dylan, Bob",Bob Dylan,Infidels,1983,Columbia,1983,QC 38819,Pitman,,,,
"Dylan, Bob",Bob Dylan,Empire Burlesque,1985,Columbia,1985,FC 40110,Pitman,,,,
"Dylan, Bob",Bob Dylan,Knocked Out Loaded,1986,Columbia,1986,OC 40439,Pitman,,,,
"Dylan, Bob",Bob Dylan,Down in the Groove,1988,Columbia,1988,OC 40957,,,,,
"Dylan, Bob",Bob Dylan,Oh Mercy,1989,Columbia,1989,OC 45281,,,,,
"Dylan, Bob",Bob Dylan,Rough and Rowdy Ways,2020,Columbia,2020,19439780991,,2,Gold,Gatefold,
"Earth, Wind & Fire","Earth, Wind & Fire",That's the Way of the World,1975,Columbia,1975,PC 33280,,,,Gatefold,
"Earth, Wind & Fire","Earth, Wind & Fire",Spirit,1976,Columbia,1976,PC 34241,,,,,
"Earth, Wind & Fire","Earth, Wind & Fire",I Am,1979,ARC,1979,FC 35730,,,,Gatefold,
"Earth, Wind & Fire","Earth, Wind & Fire",Touch the World,1987,Columbia,1987,FC 40596,,,,,
Echo and the Bunnymen,Echo and the Bunnymen,Crocodiles,1980,Sire,1980,SRK 6096,Los Angeles,,,,
El-P,El-P,Fantastic Damage,2002,Fat Possum,2022,FP1756-1,Reissue,2,,Gatefold,
"Emerson, Lake & Palmer","Emerson, Lake & Palmer","Emerson, Lake & Palmer",1970,Cotillion,1971,SD 9040,,,,,
"Emerson, Lake & Palmer","Emerson, Lake & Palmer",Welcome Back My Friends to the Show that Never Ends - Ladies and Gentlemen,1974,Manticore,1974,MC 3-200,,3,,Gatefold,
"Emerson, Lake & Palmer","Emerson, Lake & Palmer",Works Volume 1,1977,Atlantic,1977,SD 2-7000,Quality,2,,Trifold; Embossed cover,
"Emerson, Lake & Palmer","Emerson, Lake & Palmer",Works Volume 2,1977,Atlantic,1977,SD 19147,PR - Presswell,,,Embossed cover,
Fat Boys,The Fat Boys,Fat Boys,1984,Sutra,1984,SUS 1015,Hub-Servall,,,"w/ 12"" ""Jail House Rap"" single",
"Ferguson, Maynard",Maynard Ferguson,Conquistador,1977,Columbia,1977,PC 34457,Pitman,,,,
Field Effect,The Field Effect,Cartography,2013,Zippah,2013,,,,,,
Fixx,The Fixx,Shuttered Room [US],1982,MCA,1982,MCA-5345,,,,,
"Flack, Roberta",Roberta Flack,Quiet Fire,1971,Atlantic,1971,SD 1594,PR - Presswell,,,,
Flaming Lips,The Flaming Lips,Yoshimi Battles the Pink Robots,2002,Warner,2019,93624952176,Remastered; Reissue,,,,
Fleetwood Mac,Fleetwood Mac,Fleetwood Mac,1975,Reprise,1977,MSK 2281,Pinckneyville; Reissue,,,Damaged jacket,
Fleetwood Mac,Fleetwood Mac,Rumours,1977,Warner Bros.,1977,BSK 3010,Jacksonville,,,Booklet,
Fleetwood Mac,Fleetwood Mac,Tusk,1979,Warner Bros.,1979,2HS 3350,,2,,,
Four Tops,The Four Tops,Greatest Hits,1967,Motown,1967,MOTOWN 662,Compilation; Mono,,,,
"Franklin, Aretha",Aretha Franklin,This Girl's in Love with You,1970,Atlantic,1970,SD 8248,MO- Monarch,,,,
"Franklin, Aretha",Aretha Franklin,Hey Now Hey (The Other Side of the Sky),1973,Atlantic,1973,SD 7265,SP - Specialty,,,Gatefold,A/B: 0.4 / 0.0
Funkadelic,Funkadelic,Cosmic Slop,1973,Westbound,1991,SEWA 035,Reissue,,,Gatefold,
"G, Kenny",Kenny G,Silhouette,1988,Arista,1988,AL-8457,Hauppauge,,,,A: 1.5 / 0.5
"Gabriel, Peter",Peter Gabriel,So,1986,Geffen,1986,GHS 24088,Specialty,,,,
Gang of Four,Gang of Four,Solid Gold,1981,EMI,1981,EMC 3364,,,,,
Gap Band,The Gap Band,The Gap Band II,1979,Mercury,1979,Mercury,PRC,,,,
Gap Band,The Gap Band,Gap Band IV,1982,Total Experience,1982,TE-1-3001,Presswell,,,Gatefold,
Gap Band,The Gap Band,Gap Band V: Jammin',1983,Total Experience,1983,TE-1-3004,Pitman,,,,
"Garfunkel, Art",Art Garfunkel,Breakaway,1975,Columbia,1975,PC 33700,,,,,
"Gaye, Marvin",Marvin Gaye,Midnight Love,1982,Columbia,1982,FC 38197,Carrollton,,,,
Genesis,Genesis,Selling England by the Pound,1973,Atlantic,1980,SD 19277,Reissue,,,,
Genesis,Genesis,Wind & Wuthering,1976,ATCO,1977,SD 36-144,Presswell,,,,
Genesis,Genesis,...And Then There Were Three,1978,Atlantic,1978,SD 19173,Specialty,,,Gatefold,
Genesis,Genesis,Genesis,1983,Atlantic,1983,80116-1,Specialty,,,,
Genesis,Genesis,Invisible Touch,1986,Atlantic,1986,81641-1-E,Club Edt.,,,Embossed sleeve,
George Baker Selection,George Baker Selection,Paloma Blanca,1975,Warner Bros.,1975,BS 2905,,,,,
"Gibbs, Freddie; Madlib",Freddie Gibbs & Madlib,Piñata,2014,Madlib Invasion,2021,MMS-022,Reissue,2,,,
"Gibbs, Freddie; Madlib",Freddie Gibbs & Madlib,Bandana,2019,Keep Cool,2019,1907593492-1,Remastered,,,Insert,
"Gore, Lesley",Lesley Gore,The Golden Hits of Lesley Gore,1965,Mercury,,SR 61024,Compilation; Stereo,,,,
Gorillaz,Gorillaz,G-Sides,2001,Parlophone,2020,190295307738,Reissue; Limited,,,,
Gorillaz,Gorillaz,Gorillaz,2001,Parlophone,2015,7243 531138 1 0,Reissue,2,,Gatefold,
Gorillaz,Gorillaz,Demon Days,2005,Parlophone,2017,0724387383814,Reissue,2,,Gatefold,C: 0.8 / 1.5
Gorillaz,Gorillaz,D-Sides,2007,Parlophone,2020,0190295307745,Limited,3,,Gatefold,
Gorillaz,Gorillaz,Plastic Beach,2010,Parlophone,2010,5099962616614,,2,,Gatefold,
Gorillaz,Gorillaz,The Fall,2010,Parlophone,2019,5 86039-1,Reissue,,,,
Gorillaz,Gorillaz,Humanz,2017,Parlophone,2017,0190295851194,,2,,Gatefold,
Gorillaz,Gorillaz,The Now Now,2018,Parlophone,2018,0190295643423,,,,,
Gorillaz,Gorillaz,"Song Machine, Season One: Strange Timez",2020,Parlophone,2020,0190295209391,Deluxe,2,,Box set,
Gorillaz,Gorillaz,Cracker Island,2023,Parlophone,2023,5054197213168,,,Neon Purple,Insert,
Grand Funk Railroad,Grand Funk,Closer to Home,1970,Capitol,1970,SKAO-471,,,,Gatefold,
Grand Funk Railroad,Grand Funk,We're an American Band,1973,Capitol,1973,SMAS-11207,Jacksonville,,Yellow,Gatefold,B: 0.4 / 0.0
Grand Funk Railroad,Grand Funk Railroad,Caught in the Act,1975,Capitol,1975,SABB-511445,Santa Maria; Club Edt.,2,,Gatefold,
"Grant, Eddy",Eddy Grant,Killer on the Rampage,1982,Portrait,1983,FR 38554,Reissue,,,,
Grateful Dead,Grateful Dead,Anthem of the Sun,1968,Warner Bros.,2011,WS 1749 B,180 gram,,,Booklet,
Grateful Dead,Grateful Dead,American Beauty,1970,Warner Bros.,1983,WS 1893,Reissue; Club Edt.,,,,
Grateful Dead,Grateful Dead,Grateful Dead,1971,Warner Bros.,,2WS 1935,Jacksonville,2,,Gatefold,
Guided by Voices,Guided by Voices,Bee Thousand,1994,Scat,2015,SCAT35,Reissue; Remaster,,,Gatefold,
HAIM,HAIM,Days Are Gone,2013,Columbia,2013,88883770971,45 rpm; 180 gram,2,,Gatefold,
HAIM,HAIM,Women in Music Pt. III,2020,Columbia,2020,19439748311,45 rpm,2,,Gatefold,
Hall & Oates,Daryl Hall & John Oates,Abandoned Luncheonette,1973,Atlantic,1973,SD 7269,Reissue,,,Insert,A: 0.9 / 0.25
"Hancock, Herbie",Herbie Hancock,Fat Albert Rotunda,1969,Music On Vinyl,2019,MOVLP2187,Reissue,,,,
"Hancock, Herbie",Herbie Hancock,Head Hunters,1973,Columbia,1973,KC 32731,Pitman,,,,
"Hancock, Herbie",Herbie Hancock,Man-Child,1975,Columbia,1975,PC 33812,Pitman,,,,
"Hancock, Herbie",Herbie Hancock,Secrets,1976,Columbia,1976,PC 34280,Terre Haute,,,,
"Hancock, Herbie",Herbie Hancock,Sunlight,1978,Columbia,1978,JC 34907,Pitman,,,Wrong sleeve,
"Hancock, Herbie",Herbie Hancock,"Feets, Don't Fail Me Now",1979,Columbia,1979,JC 35765,Pitman,,,,
"Hancock, Herbie",Herbie Hancock,Monster,1980,Columbia,1980,JC 36415,,,,,
"Hancock, Herbie",Herbie Hancock,Magic Windows,1981,Columbia,1981,FC 37387,,,,,
"Hancock, Herbie",Herbie Hancock,Lite Me Up,1982,Columbia,1982,FC 37928,,,,,
"Hancock, Herbie",Herbie Hancock,Quartet,1982,Columbia,1982,C2 38275,Pitman,2,,,
"Hancock, Herbie",Herbie Hancock,Future Shock,1983,Columbia,1983,FC 38814,Pitman,,,,
"Hancock, Herbie",Herbie Hancock,Sound-System,1984,Columbia,1984,FC 39478,,,,,
"Hancock, Herbie",Herbie Hancock,Perfect Machine,1988,Columbia,1988,FC 40025,,,,,
Handsome Boy Modeling School,Handsome Boy Modeling School,So... How's Your Girl?,1999,Tommy Boy,2022,TB-1258-0,Reissue; RSD,2,,,
"Harrison, George",George Harrison & Friends,The Concert for Bangla Desh,1971,Apple,1972,STCX 3385,,3,,Box set; Booklet missing,
"Hayes, Isaac",Isaac Hayes,Hot Buttered Soul,1969,Enterprise,1969,ENS 1001,Monarch,,,,
"Hayes, Isaac",Isaac Hayes,Black Moses,1971,Enterprise,1971,ENS 2-5003,,2,,,
"Hayes, Isaac",Isaac Hayes,In the Beginning,1972,Atlantic,1972,SD 1599,PR; Reissue,,,Reissue of Presenting Isaac Hayes (1968),
"Hayes, Isaac",Isaac Hayes,Joy,1973,Enterprise,1973,ENS-5007,,,,Embossed cover,
"Hayes, Isaac",The Isaac Hayes Movement,Disco Connection,1975,HBS,1975,ABCD-923,,,,,
Heart,Heart,Dreamboat Annie,1975,Mushroom,1976,MRS-5005,Santa Maria,,,Gatefold,
Heart,Heart,Little Queen,1977,Portrait,1977,JR 34799,Santa Maria,,,,
"Hendrix, Jimi",The Jimi Hendrix Experience,Are You Experienced,1967,Reprise,1979,RS-6261,Reissue,,,,
"Hendrix, Jimi",The Jimi Hendrix Experience,Axis: Bold as Love,1967,Experience Hendrix,2013,88765419711,Mono; Reissue; Remaster; 200 gram,,,Gatefold,
High Society,The High Society,High Society,,Good Vibrations,,GV-174,,,,,
"Hino, Terumasa",Terumasa Hino Sextet,Fuji,1972,Catalyst,1976,CAT-7901,Reissue,,,,
"Holly, Buddy",Buddy Holly & the Crickets,20 Golden Greats,1978,MCA,1978,MCA-1484,Compilation,,,,
Hoodoo Gurus,Hoodoo Gurus,Mars Needs Guitars!,1985,Big Time,1985,BTA009,,,,,
Illusion,The Illusion,The Illusion,1969,Steed,1969,ST 37003,,,,,
Ink Spots,The Ink Spots,The Ink Spots,1960,Riviera,1960,R-0046,,,,,
Invisible Circle,Invisible Circle,Invisible Circle,2015,Gold Bolus,2015,GBR012,,,,,
Iron Butterfly,Iron Butterfly,In-A-Gadda-Da-Vida,1968,ATCO,1969,SD 33-250,Repress,,,Misprint on sleeve,
Isley Brothers,The Isley Brothers,This Old Heart of Mine,1966,Tamla,1966,TS 269,,,,,
Isley Brothers,The Isley Brothers,Doin' Their Thing,1969,Tamla,1969,TS287,Compilation; Stereo,,,,
Isley Brothers,The Isley Brothers,The Isley Brothers Do Their Thing,1969,Sunset,1969,SUS-5257,Reissue; Stereo,,,,
Isley Brothers,The Isley Brothers,Givin' It Back,1971,T-Neck,1971,TNS 3008,,,,Gatefold,
Isley Brothers,The Isley Brothers,"Brother, Brother, Brother",1972,T-Neck,1972,TNS-3009,,,,,
Isley Brothers,The Isley Brothers,Live It Up,1974,T-Neck,1974,PZ 33070,Santa Maria,,,,
Isley Brothers,The Isley Brothers,The Heat is On,1975,T-Neck,1975,PZ 33536,Pitman,,,Gatefold,
Isley Brothers,The Isley Brothers,Harvest for the World,1976,T-Neck,1976,PZ 33809,,,,Gatefold,
Isley Brothers,The Isley Brothers,Go For Your Guns,1977,T-Neck,1977,PZ 34432,Peter Pan Industries,,,Gatefold,
Isley Brothers,The Isley Brothers,Showdown,1978,T-Neck,1978,JZ 34930,,,,Gatefold,
Isley Brothers,The Isley Brothers,Winner Takes All,1979,T-Neck,1979,PZ2 36077,,2,,Gatefold,
Isley Brothers,The Isley Brothers,Inside You,1981,T-Neck,1981,FZ 37533,,,,,
Isley Brothers,The Isley Brothers,Grand Slam,1981,T-Neck,1981,FZ 37080,Pitman,,,,
Isley Brothers,The Isley Brothers,The Real Deal,1982,T-Neck,1982,FZ 38047,,,,,
Isley Brothers,The Isley Brothers,Masterpiece,1985,Warner Bros.,1985,9 25347-1,Allied,,,Gatefold,
Isley Brothers,The Isley Brothers,Spend the Night,1989,Warner Bros.,1989,9 25940-1,Specialty,,,,
It's a Beautiful Day,It's a Beautiful Day,It's a Beautiful Day,1969,Columbia,1969,CS 9768,Santa Maria,,,Gatefold,
J Dilla,J Dilla,Donuts,2020,Stones Throw,2020,STH2126,Reissue,2,,Smile cover,
"Jackson, Michael",Michael Jackson,Off the Wall,1979,Epic,1979,FE 35745,,,,Gatefold,
"Jackson, Michael",Michael Jackson,Thriller,1982,Epic,1982,QE 38112,Carrollton,,,Gatefold,
"Jackson, Michael",Michael Jackson,Farewell My Summer Love,1984,Motown,1984,6101ML,,,,,
"Jackson, Michael",Michael Jackson,Bad,1987,Epic,1987,OE 40600,,,,Gatefold,A/B: 0.4 / 0.0
"Jarre, Jean-Michel",Jean-Michel Jarre,Rendez-Vous,1986,Polydor,1986,829 125-1 Y-1,,,,,
Jay-Z,Jay-Z,The Blueprint,2001,Roc-A-Fella,2001,314 586 396-1,,2,,Gatefold,
Jay-Z,Jay-Z,The Black Album,2003,Roc-A-Fella,2003,B0001528-01,,2,,Gatefold,
Jefferson Airplane,Jefferson Airplane,Surrealistic Pillow,1967,RCA Victor,1967,LSP-3766,Indianapolis,,,,
Jefferson Airplane,Jefferson Airplane,Crown of Creation,1968,RCA Victor,1968,LSP-4058,Indianapolis,,,Insert,
Jefferson Airplane,Jefferson Airplane,Bless Its Pointed Little Head,1969,RCA Victor,1969,LSP-4133,Indianapolis,,,Orange labels,B: 0.4 / 0.0
Jefferson Airplane,Jefferson Airplane,Bless Its Pointed Little Head,1969,RCA Victor,1969,LSP 4133,,,,Insert; Damage on side A,
Jefferson Airplane,Jefferson Airplane,Volunteers,1969,RCA Victor,1969,LSP-4238,,,,,
Jefferson Starship,Jefferson Starship,Red Octopus,1975,Grunt,1975,BFL1-0999,Indianapolis,,,,
"Jennings, Waylon; Nelson, Willie",Waylon & Willie,Waylon & Willie,1978,RCA Victor,1978,AFL1-2686,,,,Embossed cover,
Jet Black Berries,The Jet Black Berries,Sundown on Venus,1984,Pink Dust,1984,ENIGMA E-1117,Limited Edt.,2,,Includes bonus record,
Jethro Tull,Jethro Tull,Aqualung,1971,Chrysalis,1973,CHR 1044,Reissue; Pitman,,,Gatefold,
Jethro Tull,Jethro Tull,Thick as a Brick,1972,Chrysalis,1978,CHR 1003,Reissue,,,Gatefold,
Jethro Tull,Jethro Tull,A Passion Play,1973,Chrysalis,1973,CHR 1040,,,,Gatefold; Booklet,
Jethro Tull,Jethro Tull,War Child,1974,Chrysalis,1974,CHR 1068,Terre Haute,,,,
Jethro Tull,Jethro Tull,M.U. - The Best of Jethro Tull,1976,Chrysalis,1976,CHR-1078,Compilation,,,,
"Joel, Billy",Billy Joel,Piano Man,1973,Columbia,1973,KC 32544,,,,,
"Joel, Billy",Billy Joel,Streetlife Serenade,1974,Columbia,1974,PC 33146,Pitman,,,,
"Joel, Billy",Billy Joel,Turnstiles,1976,Columbia,1976,PC 33848,,,,,
"Joel, Billy",Billy Joel,The Stranger,1977,Columbia,1977,JC 34987,Terre Haute,,,,
"Joel, Billy",Billy Joel,52nd Street,1978,CBS,1978,FC 35609,,,,,
"Joel, Billy",Billy Joel,Glass Houses,1980,Columbia,1980,FC 36384,Pitman,,,,
"Joel, Billy",Billy Joel,The Nylon Curtain,1982,Columbia,1982,QC 38200,Pitman,,,,
"Joel, Billy",Billy Joel,An Innocent Man,1983,Columbia,1983,QC 38837,,,,,
"Joel, Billy",Billy Joel,The Bridge,1986,Columbia,1986,OC 40402,Carrollton,,,,
"Jones, Quincy",Quincy Jones,The Dude,1981,A&M,1981,SP-3721,Terre Haute,,,,
"Jones, Quincy",Quincy Jones,The Dude,1981,A&M,1981,SP-3721,,,,,
"Joplin, Janis",Janis Joplin,Anthology,1980,CBS,1980,CBS 88492,Compilation,2,,Gatefold,
KIDS SEE GHOSTS,KIDS SEE GHOSTS,KIDS SEE GHOSTS,2018,G.O.O.D.,2018,B0028760-01,,,,,
Kikagaku Moyo,Kikagaku Moyo,House in the Tall Grass,2016,Guruguru Brain,2021,GGB-008LP,Repress,,,,
Kikagaku Moyo,Kikagaku Moyo,Masana Temples,2018,Guruguru Brain,2022,GGB-017LP,Reissue,,,,
King Gizzard & the Lizard Wizard,King Gizzard & the Lizard Wizard,Willoughby's Beach,2011,Flightless,2018,FLT-040,Reissue; Limited; 45rpm,,Red,EP,
King Gizzard & the Lizard Wizard,King Gizzard & the Lizard Wizard,12 Bar Bruise,2012,Flightless,2018,FLT-001R,Reissue,,Green,,
King Gizzard & the Lizard Wizard,King Gizzard & the Lizard Wizard,Eyes Like the Sky,2013,Flightless,2018,FLT-005R,Reissue,,Orange,,
King Gizzard & the Lizard Wizard,King Gizzard & the Lizard Wizard,Float Along - Fill Your Lungs,2013,Flightless,2018,FLT-006R,Reissue,,Yellow,Poster,
King Gizzard & the Lizard Wizard,King Gizzard & the Lizard Wizard,I'm In Your Mind Fuzz,2014,self-released,2022,KGLW-009LP,Reissue; Recycled Black Wax,,,,
King Gizzard & the Lizard Wizard,King Gizzard & the Lizard Wizard,Oddments,2014,Flightless,2022,FLT-009R,Reissue,,Clear purple,Gatefold; 45 rpm misprint on label,
King Gizzard & the Lizard Wizard,King Gizzard & the Lizard Wizard,Paper Mâché Dream Balloon (Deluxe Edition),2015,KGLW,2022,80882 46901,Reissue,2,Champagne lemon; Mango wave,,
King Gizzard & the Lizard Wizard,King Gizzard & the Lizard Wizard,Quarters!,2015,self-released,2022,KGLW-010LP,Reissue,,,Recycled black wax,
King Gizzard & the Lizard Wizard,King Gizzard & the Lizard Wizard,Nonagon Infinity,2016,ATO,2020,ATO0301,Repress,,Neon Red/Yellow/Black,Gatefold,
King Gizzard & the Lizard Wizard,King Gizzard & the Lizard Wizard,Flying Microtonal Banana,2017,ATO,2017,FLT-028,Limited,,Radioactive yellow,,
King Gizzard & the Lizard Wizard,King Gizzard & the Lizard Wizard,Gumboot Soup,2017,ATO,2017,ATO0420,,,Orange w/ black & red splatter,,
King Gizzard & the Lizard Wizard,King Gizzard & the Lizard Wizard,Murder of the Universe,2017,ATO,2017,ATO0400,,,Vomit Splatter,Booklet,
King Gizzard & the Lizard Wizard,King Gizzard & the Lizard Wizard,Polygondwanaland,2017,Needlejuice,2021,NJR-001,Limited,,Neon Green/Yellow w/ splatter,Gatefold,
King Gizzard & the Lizard Wizard,King Gizzard & the Lizard Wizard; Mild High Club,Sketches of Brunswick East,2017,ATO,2020,ATO0410,Reissue,,Yellow w/ Sky Blue splatter,,
King Gizzard & the Lizard Wizard,King Gizzard & the Lizard Wizard,Fishing for Fishies,2019,Flightless,2019,FLT-048,Toxic Landfill edition,,Green marbled,,
King Gizzard & the Lizard Wizard,King Gizzard & the Lizard Wizard,Infest the Rats' Nest,2019,ATO,2021,ATO0506,Reissue; Limited,,Venusian (Clear/black swirl),Gatefold,
King Gizzard & the Lizard Wizard,King Gizzard & the Lizard Wizard,K.G.,2020,KGLW,2020,KGLW-003LP,,,,Recycled black wax,
King Gizzard & the Lizard Wizard,King Gizzard & the Lizard Wizard,Butterfly 3000,2021,KGLW,2022,KGLW-008,Leptir 3000 (Croatian variant),,Caterpillar red,Gatefold,
King Gizzard & the Lizard Wizard,King Gizzard & the Lizard Wizard,L.W.,2021,KGLW,2021,KGLW-004LP,Recycled black wax,,,Brown paper bag cover,
King Gizzard & the Lizard Wizard,King Gizzard & the Lizard Wizard,Changes,2022,KGLW,2022,KGLW-031-LP,,,,Edge of the Waterfall cover,
King Gizzard & the Lizard Wizard,King Gizzard & the Lizard Wizard,"Ice, Death, Planets, Lungs, Mushrooms and Lava",2022,KGLW,2022,2812170164,,2,Recycled black wax?,Gatefold,
King Gizzard & the Lizard Wizard,King Gizzard & the Lizard Wizard,Laminated Denim,2022,KGLW,2022,KGLW-033LP,Limited,,Artery Red,Embossed cover,
King Gizzard & the Lizard Wizard,King Gizzard & the Lizard Wizard,Made in Timeland,2022,ATO,2022,ATLP424,45rpm,,,,
King Gizzard & the Lizard Wizard,King Gizzard & the Lizard Wizard,Omnium Gatherum,2022,KGLW,2022,KGLW-013-2LP,,2,Lucky Rainbow,Gatefold,
King Gizzard & the Lizard Wizard,Tropical Fuck Storm; King Gizzard & the Lizard Wizard,Satanic Slumber Party,2022,Joyful Noise Recordings,2022,JNR412,Single sided,,Pink,,
King Gizzard & the Lizard Wizard,King Gizzard & the Lizard Wizard,"PetroDragonic Apocalypse; or, Dawn of the Eternal Night: An Annihilation of Planet Earth and the Beginning of Merciless Damnation",2023,KGLW,2023,KGLW-035-2LP,,2,Lucky Rainbow Wax,,
King Gizzard & the Lizard Wizard,King Gizzard & the Lizard Wizard,The Silver Cord,2023,KGLW,2023,KGLW-053,,,,Recycled black wax,
King Gizzard & the Lizard Wizard,King Gizzard & the Lizard Wizard,The Silver Cord (Extended Mix),2023,KGLW,2023,KGLW-053-2LP,,2,Lucky Rainbow,Gatefold,
Kinks,The Kinks,Everybody's In Showbiz,1972,RCA Victor,1972,VPS-6065,,2,,Gatefold; Insert,
KMD,KMD,Mr. Hood,1991,Get On Down,2021,GET52738-LP,Reissue; Limited,2,Tri-colored,,
KMD,KMD,Black Bastards,2000,Metal Face,2010,MF 2001-LP,Reissue,2,,,
Kool & the Gang,Kool & the Gang,Wild and Peaceful,1973,De-Lite,1973,DEP-2013,Repress,,,,
Kool & the Gang,Kool & the Gang,Love & Understanding,1976,De-Lite,1976,DEP 2018,,,,Gatefold,
Kool & the Gang,Kool & the Gang,"Force, The",1977,De-Lite,1977,DSR-9501,,,,,
Kool & the Gang,Kool & the Gang,Ladies' Night,1979,De-Lite,1979,DSR-9513,,,,,
Kool & the Gang,Kool & the Gang,Celebrate!,1980,De-Lite,1980,DSR 9518,"53, Keel Mfg. Corp",,,,
Kool & the Gang,Kool & the Gang,Emergency,1984,De-Lite,1984,822 943-1M1,Carrollton,,,,
Kool & the Gang,Kool & the Gang,Forever,1986,Mercury,1986,422 830 398-1,,,,,
"Kuti, Fela",Fela Ransome Kuti & the Afrika 70,Gentleman,1973,Knitting Factory,2016,KFR-2009-1,Reissue,,,,
"Lamar, Kendrick",Kendrick Lamar,"good kid, m.A.A.d city",2012,Top Dawg,2021,B0017695-01,Deluxe; Reissue,2,,Gatefold,
"Lamar, Kendrick",Kendrick Lamar,To Pimp A Butterfly,2015,Top Dawg,2015,B0023464-01,,2,,Gatefold,
"Lamar, Kendrick",Kendrick Lamar,DAMN.,2017,Top Dawg,2017,B0026745-01,,2,,Gatefold,
"Lamar, Kendrick",Kendrick Lamar,Mr. Morale & the Big Steppers,2022,pgLang,2022,B0035986-01,,2,,,
"Laws, Ronnie",Ronnie Laws,Pressure Sensitive,1975,Blue Note,1975,BN-LA452-G,,,,,
"Laws, Ronnie",Ronnie Laws,Fever,1976,Blue Note,1976,BN-LA628-G,,,,,
"Laws, Ronnie",Ronnie Laws,Friends & Strangers,1977,Blue Note,1977,BN-LA730,,,,,
Led Zeppelin,Led Zeppelin,Led Zeppelin,1969,Atlantic,1979,SD 8216,Reissue,,,,A: 1.5 / 1.5
Led Zeppelin,Led Zeppelin,Led Zeppelin II,1969,Atlantic,1969,SD 8236,Reissue,,,Gatefold,
Led Zeppelin,Led Zeppelin,Led Zeppelin III,1970,Atlantic,1977,SD 19128,SRC; Reissue,,,Gatefold; Wheel effect cover,
Led Zeppelin,Led Zeppelin,untitled,1971,Atlantic,1977,SD 19129,Presswell Richmond; Reissue,,,Gatefold,
Led Zeppelin,Led Zeppelin,Presence,1976,Swan Song,1976,SS 8416,SRC,,,Gatefold,
Led Zeppelin,Led Zeppelin,In Through the Out Door,1979,Swan Song,1979,SS 16002,,,,"""B"" sleeve variant",
"Lee, Brenda",Brenda Lee,Brenda Lee,1960,Decca,1960,DL 4039,Pinckneyville; Mono,,,,
"Lennon, John",John Lennon,John Lennon/Plastic Ono Band,1970,Apple,1970,SW 3372,Winchester,,,,
"Lennon, John",John & Yoko / Plastic Ono Band,Some Time in New York City,1972,Apple,1972,SVBB 3392,Los Angeles,2,,Gatefold,
"Lennon, John",John Lennon,Mind Games,1973,Apple,1973,SW-3414,Winchester,,,,
Little River Band,Little River Band,Little River Band,1975,Harvest,1975,ST-11512,,,,,
Little River Band,Little River Band,Sleeper Catcher,1978,Harvest,1978,SW-11783,Winchester,,,,
Little River Band,Little River Band,Time Exposure,1981,Capitol,1981,ST-12163,Winchester,,,,
Loggins and Messina,Loggins and Messina,Full Sail,1973,Columbia,,PC 32540,Reissue,,,Gatefold,
Loggins and Messina,Loggins and Messina,Mother Lode,1974,Columbia,1974,PC 33175,Pitman,,,,
"Loggins, Kenny",Kenny Loggins,Nightwatch,1978,Columbia,1978,JC 35387,Terre Haute,,,,
"Loggins, Kenny",Kenny Loggins,Keep the Fire,1979,Columbia,1979,JC 36172,Terre Haute,,,,
Macintosh Plus,Macintosh Plus,Floral Shoppe,2011,Olde English Spelling Bee,2020,OESB 92CL,Unofficial; Repress,,,,
Madlib,Madlib,Shades of Blue,2003,Music on Vinyl,2017,MOVLP1898,Reissue; 180 gram,2,,Music on Vinyl,
Mahavishnu Orchestra,Mahavishnu Orchestra,Birds of Fire,1973,Columbia,1973,KC 31996,Terre Haute,,,,
Malibu Ken,Malibu Ken,Malibu Ken,2019,Rhymesayers,2019,RSE256-1,,2,Blue,Gatefold; Mask,
Mamas & the Papas,The Mamas & the Papas,The Mamas & the Papas,1966,Dunhill,1966,DS-50010,Repress,,,,
Mamas & the Papas,The Mamas & the Papas,Deliver,1967,ABC/Dunhill,,DS50014,Reissue,,,,
Mamas & the Papas,The Mamas & the Papas,The Papas & the Mamas,1968,Dunhill,1968,DS-50031,Monarch,,,Novelty gatefold,
"Mangione, Chuck",Chuck Mangione,Main Squeeze,1976,A&M,1976,SP-4612,,,,,
Marky Mark and the Funky Bunch,Marky Mark and the Funky Bunch,Good Vibrations,1991,Interscope,1991,0-96307,SRC Pressing,,,"12"" single",
"Marsalis, Wynton",Wynton Marsalis,Wynton Marsalis,1982,Columbia,1982,FC 37574,Terre Haute,,,,
"Marsalis, Wynton",Wynton Marsalis,Think of One,1983,Columbia,1983,FC 38641,,,,,
"Marsalis, Wynton",Wynton Marsalis,Black Codes (From the Underground),1985,Columbia,1985,FC 40009,Pitman,,,,
"Marsalis, Wynton",Wynton Marsalis,"Marsalis Standard Time, Vol. I",1987,CBS,1987,FC 40461,,,,,
Massive Attack,Massive Attack,Blue Lines,1991,Virgin,2016,5700960,Reissue; 180 gram,,,,
Massive Attack,Massive Attack,Protection,1994,Circa,2016,5700962,Reissue; 180 gram,,,,
Massive Attack,Massive Attack,Mezzanine,1998,Virgin,2013,602537540433,Reissue; 180g,2,,,
"McCartney, Paul",Paul and Linda McCartney,Ram,1971,Apple,1971,SMAS-3375,,,,Gatefold,
"McCartney, Paul",Paul McCartney and Wings,Band on the Run,1973,Apple,1973,SO-3415,,,,,
"McCartney, Paul",Wings,Wings at the Speed of Sound,1976,Capitol,1976,SW-11525,Winchester,,,,
"McDonald, Michael",Michael McDonald,If That's What It Takes,1982,Warner Bros.,1982,9 23703-1,Los Angeles,,,,
"McDonald, Michael",Michael McDonald,No Lookin' Back,1985,Warner Bros.,1985,1-25291,,,,,
"McDonald, Michael",Michael McDonald,Take It to Heart,1990,Reprise,1990,1-25979,,,,,
"McLean, Don",Don McLean,American Pie,1971,Liberty,1980,LN-510037,Club Edt.; Reissue,,,,
Meeting of Important People,Meeting of Important People,Meeting of Important People,2009,Get Hip,2011,GH-1157,,,,,
"Mellencamp, John",John Cougar,American Fool,1982,Riva,1982,RVL 7501,53 - Hauppauge,,,Plaid label,
"Mellencamp, John Cougar",John Cougar,American Fool,1982,Riva,1982,RVL 7501,,,,,
Melody's Echo Chamber,Melody's Echo Chamber,Melody's Echo Chamber,2012,Fat Possum,2014,FP1279-1,Reissue,,,Insert,
"Melvin, Harold",Harold Melvin and the Blue Notes,The Blue Album,1980,Source,1980,SOR-3197,,,,Insert,
"Metheny, Pat",Pat Metheny Group,Still Life (Talking),1987,Geffen,1987,GHS 24145,,,,,
MF DOOM,MF DOOM,Operation: Doomsday,1999,Metal Face,2016,MF94LP,Reissue,2,,,
MF DOOM,King Geedorah,Take Me To Your Leader,2003,Big Dada,2016,BD051X,Reissue; Deluxe; Limited,2,Red,,
MF DOOM,Viktor Vaughn,Vaudeville Villain,2003,Get On Down,2022,GET56050-LP,RSD Limited Edt.; Reissue,2,,,
MF DOOM,Madvillain,Madvillainy,2004,Stones Throw,2021,STH2065,Reissue,,Green (trans.),,
MF DOOM,MF DOOM,MM..FOOD,2004,Rhymesayers,2020,RSE0084-1,Reissue; Repress,2,Green/Pink,Gatefold,
MF DOOM,MF DOOM,Live From Planet X,2005,Metal Face,2016,MFR-102,,,,,
MF DOOM,DANGERDOOM,The Mouse and the Mask,2005,Lex,2015,LEX036LP,Reissue,2,,,
MF DOOM,DOOM,BORN LIKE THIS,2009,Lex,2016,LEX069LP,Reissue; Repress,2,,,
MF DOOM,JJ DOOM,Key to the Kuffs,2012,Lex,2021,LEX082LP,Reissue,2,,,
MF DOOM,JJ DOOM,Bookhead EP,2014,Lex,2017,LEX123EP,Reissue,,,,
MF DOOM,NehruvianDOOM,NehruvianDOOM,2014,Lex,2021,LEX099LP,,,,,
MGMT,MGMT,Oracular Spectacular,2007,Columbia,2022,88843045321,Reissue; RSD,,Hot Pink,,
"Miller, Jody",Jody Miller,Queen of the House,1965,Capitol,1965,ST-2349,,,,,
"Miller, Roger",Roger Miller,King of the Road,1971,Pickwick,1976,JS-6109,Compilation; Repress,,,,
"Miracles, The",Smokey Robinson & the Miracles,Going to a Go-Go,1965,Tamla,1965,TM-267,Mono,,,,
"Mitchell, Joni",Joni Mitchell,Court and Spark,1974,Asylum,1974,7E-1001,Santa Maria,,,Gatefold; Embossed cover,
mmhmm,mmhmm,mmhmm,2018,self-released,2018,7 9857651342 9,,,,,
Moody Blues,The Moody Blues,Days of Future Passed,1967,Deram,1969,DES 18012,Bestway,,,,
"Moon, Keith",Keith Moon,Two Sides of the Moon,1975,Track,1975,MCA-2136,Gloversville,,,,
"Morrison, Van",Van Morrison,Moondance,1970,Warner Bros.,1978,BSK 3103,Jacksonville; Reissue; Repress,,,Gatefold,
"Morrison, Van",Van Morrison,Hard Nose the Highway,1973,Warner Bros.,1973,BS 2712,,,,Gatefold,
Nas,Nas,Illmatic,1994,Columbia,2017,475959 1,Reissue,,,,
"Nelson, Willie",Willie Nelson,The Sound in Your Mind,1976,Columbia,1976,PC 34092,Terre Haute,,,,
"Nelson, Willie",Willie Nelson,Stardust,1978,Columbia,1978,JC 35305,,,,,
"Nelson, Willie",Willie Nelson,Willie and Family Live,1978,Columbia,1978,KC2 35642,Pitman,2,,Gatefold,
"Nelson, Willie",Willie Nelson,Always on My Mind,1982,Columbia,1982,FC 37951,Terre Haute,,,,
O'Jays,The O'Jays,Back Stabbers,1972,Philadelphia International,1972,KZ 31712,Pitman,,,,
O'Jays,The O'Jays,Ship Ahoy,1973,Philadelphia International,1974,ZQ 32408,Quadrophaphonic,,,Gatefold,
O'Jays,The O'Jays,Survival,1975,Philadelphia International,1975,KZ 33150,,,,,
O'Jays,The O'Jays,Collectors' Items,1977,Philadelphia International,1977,PIR 88281,Compilation,2,,Gatefold,
O'Jays,The O'Jays,Travelin' at the Speed of Thought,1977,Philadelphia International,1977,PZ 34684,,,,Gatefold,
Olatunji,Olatunji,Drums of Passion,1960,Columbia,c.1970-1980,CS 8210,Reissue,,,,
Olatunji,Olatunji,Zungo!,1961,Columbia,1961,CL 1634,,,,,
Oneohtrix Point Never,Oneohtrix Point Never,Returnal,2010,Editions Mego,2021,eMEGO 104V,Limited,,Clear,Gatefold,
Oneohtrix Point Never,Oneohtrix Point Never,The Fall Into Time,2013,Software,2021,SFT 032,Mexican Summer reissue,,Transparent olive,,
Oneohtrix Point Never,Oneohtrix Point Never,Garden of Delete,2015,Warp,2015,WARPLP266,,2,,Gatefold,
Oneohtrix Point Never,Oneohtrix Point Never,Age Of,2018,Warp,2018,WARPlp295,,,,Custom plastic bag; Insert,
Oneohtrix Point Never,Oneohtrix Point Never,Magic Oneohtrix Point Never,2020,Warp,2020,WARPLP318,,2,,Gatefold; Insert,
"Orbison, Roy",Roy Orbison,The All-Time Greatest Hits of Roy Orbison,1972,Monument,1976,MP 8600,Compilation; Reissue,2,,Gatefold,
Panda Bear,Panda Bear,Panda Bear Meets the Grim Reaper,2015,Domino,2015,WIGLP345,150g,2,,Gatefold; Insert,
"Parsons, Alan",The Alan Parsons Project,I Robot,1977,Arista,1977,AL 7002,,,,Gatefold,
"Parsons, Alan",The Alan Parsons Project,Eye in the Sky,1982,Arista,1982,AL9599,Monarch,,,,
"Petty, Tom",Tom Petty and the Heartbreakers,Damn the Torpedoes,1979,Backstreet,1979,MCA-5105,Pinckneyville,,,,
Pink Floyd,Pink Floyd,The Piper at the Gates of Dawn,1967,Pink Floyd,2022,PFRLP38,Reissue; Remaster; Mono; 180 gram,,,,
Pink Floyd,Pink Floyd,More,1969,Harvest,1973,SW-11198,Winchester; Reissue,,,,
Pink Floyd,Pink Floyd,Meddle,1971,Harvest,1971,SMAS-832,Los Angeles,,,Gatefold,
Pink Floyd,Pink Floyd,The Dark Side of the Moon,1973,Harvest,2011,SHVL 804,Reissue; Remaster; 180 gram,,,Gatefold,
Pink Floyd,Pink Floyd,The Dark Side of the Moon,1973,Harvest,,SMAS-11163,Winchester,,,Gatefold,
Pink Floyd,Pink Floyd,Wish You Were Here,1975,Columbia,1975,PC 33453,,,,Missing jacket,
Pink Floyd,Pink Floyd,Animals,1977,Columbia,1977,JC 34474,,,,Gatefold,
Pink Floyd,Pink Floyd,The Wall,1979,Columbia,1979,PC2 36183,Santa Maria,2,,Gatefold,
"Pink, Ariel",Ariel Pink's Haunted Graffiti,Before Today,2010,4AD,2010,CAD3X15,,,,,
"Pink, Ariel",Ariel Pink's Haunted Graffiti,Mature Themes,2012,4AD,2012,CAD3230,,,,Gatefold; CD,
"Pink, Ariel",Ariel Pink,pom pom,2014,4AD,2014,CAD3440,,2,,Gatefold,
Pirates,The Pirates,Skull Wars,1978,Warner Bros.,1978,BSK 3224,Winchester,,,,
Pixies,Pixies,Doolittle,1989,4AD,2006,CAD 905,Reissue; Repress; 180 g,,,Insert,
Portugal. The Man,Portugal. The Man,In the Mountain in the Cloud,2011,Atlantic,2011,EVR 211,,,White,,
Primus,Primus,Rhinoplasty,1998,Interscope,2018,00602567993339,Reissue; 180g,2,,Gatefold,
Prince,Prince,For You,1978,Warner Bros.,1978,BSK 3150,Los Angeles,,,,
Prince,Prince,Prince,1979,Warner Bros.,1979,BSK 3366,Los Angeles Pressing,,,,
Prince,Prince,Dirty Mind,1980,Warner Bros.,2020,R1 3478,Reissue,,,,
Prince,Prince,Controversy,1981,NPG,2022,19439863711,Reissue; 150 gram,,,Poster,
Prince,Prince,1999,1982,Warner Bros.,1982,9 23720-1 F,Jacksonville,2,,Gatefold,
Prince,Prince & the Revolution,Purple Rain,1984,Warner Bros.,1984,25110-1,Club,,,,
Prince,Prince & the Revolution,Around the World in a Day,1985,Paisley Park,1985,9 25286-1,Specialty Records Corporation,,,Gatefold,
Prince,Prince & the Revolution,Parade,1986,Paisley Park,1986,9 25395-1,Specialty Records Corporation,,,Gatefold,
Prince,Prince,Sign o' the Times,1987,NPG,2022,19439863771,Reissue; Remaster; Target,2,Clear w/ white swirl,,
Public Enemy,Public Enemy,Fear of a Black Planet,1990,Def Jam,2014,B0021703-01,Reissue,,,,
Queen,Queen,Greatest Hits,1981,Elektra,1981,0.00E+00,Compilation,,,,
R.E.M.,R.E.M.,Document,1987,I.R.S.,1987,IRS-42059,,,,,
Red Hot Chili Peppers,Red Hot Chili Peppers,Blood Sugar Sex Magik,1991,Warner Bros.,2020,093624954163,Reissue; Remastered; 180 gram,2,,,
Red Hot Chili Peppers,Red Hot Chili Peppers,Californication,1999,Warner Bros.,2019,093624738619,Repress,2,,,
Red Hot Chili Peppers,Red Hot Chili Peppers,Stadium Arcadium,2006,Warner Bros.,2020,093624439110,Repress,4,,Box Set,
Red Hot Chili Peppers,Red Hot Chili Peppers,Unlimited Love,2022,Warner Bros.,2022,093624873921,Limited Edition,2,Orange (trans.),,
"Reed, Lou",Lou Reed,Rock N Roll Animal,1974,RCA Victor,1974,APL1-0472,,,,Gatefold,
Residents,The Residents,Meet the Residents,1974,Ralph,2011,MVD5139LP,Reissue; Mono,,,,
Residents,The Residents,The Third Reich 'n Roll,1976,MVD Audio,2012,MVD5368LP,Reissue,,,,
Residents,The Residents,Fingerprince,1977,New Ralph Too,2023,NRTLP004D,Reissue; Remaster,2,,Insert,
Residents,The Residents,Duck Stab,1978,Ralph,2012,MVD5452LP,Reissue,,,,
Residents,The Residents,Not Available,1978,Ralph,2010,MVD5122LP,Reissue,,,,
Residents,The Residents,Eskimo,1979,Ralph,2012,MVD5453LP,Reissue,,,,
Residents,The Residents,Commercial Album,1980,New Ralph Too,2023,NRTLP009D,Reissue; Remaster,2,,Insert,
Residents,The Residents,Our Finest Flowers,1992,Cherry Red,2023,NRTLP020,RSD reissue,,,,
Residents,The Residents,Gingerbread Man,1995,New Ralph Too,2021,NRTLP017,Reissue; Limited Edt.,,,,
"Richie, Lionel",Lionel Richie,Dancing on the Ceiling,1986,Motown,1986,6158ML,,,,Gatefold,
Righteous Brothers,The Righteous Brothers,Just Once in My Life,1965,Philles,1965,PHLP-4008,,,,,
Rolling Stones,The Rolling Stones,Beggars Banquet,1968,London,1968,PS 539,Pitman,,,Gatefold,
Rolling Stones,The Rolling Stones,Let It Bleed,1969,London,1969,NPS-4,Terre Haute,,,,
Rolling Stones,The Rolling Stones,Sticky Fingers,1971,Rolling Stones,1977,COC 39105,PR; Reissue,,,Zipper cover; Gatefold,
Rolling Stones,The Rolling Stones,Exile on Main St.,1972,Rolling Stones,1972,COC-2-2900,,2,,Gatefold; Postcard inserts,
Rolling Stones,The Rolling Stones,Goats Head Soup,1973,Rolling Stones,1973,COC 59101,,,,Gatefold; Insert,
Rolling Stones,The Rolling Stones,Some Girls,1978,Rolling Stones,1978,COC 39108,Richmond,,,Die cut w/ celebrity faces,
Rolling Stones,The Rolling Stones,Tattoo You,1981,Rolling Stones,1981,COC 16052,Specialty,,,,
"Ronstadt, Linda",Linda Ronstadt,Don't Cry Now,1973,Asylum,1973,SD 5064,Santa Maria,,,,
"Ronstadt, Linda",Linda Ronstadt,Heart Like a Wheel,1974,Capitol,1974,ST-511358,Columbia House; Club Edt.,,,,
"Ronstadt, Linda",Linda Ronstadt,Hasten Down the Wind,1976,Asylum,1976,7E-1072,,,,Gatefold,
"Ronstadt, Linda",Linda Ronstadt,Simple Dreams,1977,Asylum,1977,6E-104,Specialty Pressing,,,Gatefold,
"Ronstadt, Linda",Linda Ronstadt,Living in the USA,1978,Asylum,1978,6E-155,,,,Gatefold,
"Ronstadt, Linda",Linda Ronstadt,Mad Love,1980,Asylum,1980,5E-510,,,,,
"Ronstadt, Linda",Linda Ronstadt,What's New,1983,Asylum,1983,9 E1-60260,Columbia House; Club Edt.,,,,
"Ronstadt, Linda",Linda Ronstadt,Lush Life,1984,Asylum,1984,960 387-1,,,,Die-cut sleeve,
Rootsman,Rootsman,Mister Music Man,1988,Love People,1988,LPL 006,,,,,
Rosalía,Rosalía,El mal querer,2018,Sony,2018,190758879710,,,,Gatefold; Booklet,
Rosalía,Rosalía,MOTOMAMI,2022,Columbia,2022,19439994951,,,Red (trans.),Gatefold; Booklet; Poster,
"Rose, Caroline",Caroline Rose,Loner,2018,New West,2021,NW5229,Limited; Reissue,,Red,Gatefold,
"Rose, Caroline",Caroline Rose,Superstar,2020,New West,2020,NW5365,Limited,,,Gatefold,
"Rose, Caroline",Caroline Rose,The Art of Forgetting,2023,New West,2023,NW5726,Limited Edt.,2,Green,Gatefold,
"Rundgren, Todd",Todd Rundgren,Something/Anything?,1972,Bearsville,1972,2BX 2066,Pitman,2,,Gatefold,
Sade,Sade,Diamond Life,1984,Portrait,1984,FR 39581,Carrollton,,,,
Sade,Sade,Promise,1985,Portrait,1985,FR 40263,Pitman,,,,
Santana,Santana,Santana,1969,Columbia,1969,CS 9781,Terre Haute,,,,
Santana,Santana,Santana (III),1971,Columbia,1971,KC 30595,Pitman,,,Gatefold,
Santana,Santana,Caravanserai,1972,Columbia,1972,KC 31610,Santa Maria,,,Gatefold,
Santana,Santana,Moonflower,1977,Columbia,1977,C2 34914,Pitman,2,,Gatefold,
Santo & Johnny,Santo & Johnny,Hawaii,1961,Canadian American,1961,CALP 1004,Mono,,,,
SBTRKT,SBTRKT,Wonder Where We Land,2014,Young Turks,2014,YTLP120X,,2,,Gatefold,
"Scaggs, Boz",Boz Scaggs,Silk Degrees,1976,Columbia,1976,PC 33920,Pitman,,,,
"Scruggs, Earl",Earl Scruggs,Dueling Banjos,1973,Columbia,1973,C 32268,Pitman,,,,
"Simon, Paul",Paul Simon,Paul Simon,1972,Columbia,1972,KC 30750,Pitman,,,,
"Simon, Paul",Paul Simon,There Goes Rhymin' Simon,1973,Columbia,1973,KC 32280,Pitman,,,Gatefold,
"Sinatra, Frank",Frank Sinatra,Strangers in the Night,1966,Reprise,1966,F-1017,Mono,,,,
Sly and the Family Stone,Sly and the Family Stone,Small Talk,1974,Epic,1974,PE 32930,Pitman,,,Booklet,
Smokestack Lightnin',Smokestack Lightnin',Off the Wall,1969,Bell,1969,BELL 6026,Monarch,,,,
Snap!,Snap!,World Power,1990,Arista,1990,AL-8536,,,,,
"Spheeris, Chris",Chris Spheeris,Pathways to Surrender,1988,Columbia,1988,FC 44225,,,,,
"Springsteen, Bruce",Bruce Springsteen,"Greetings from Asbury Park, N.J.",1973,Columbia,1975,PC 31903,Reissue,,,Gatefold,
"Springsteen, Bruce",Bruce Springsteen,"The Wild, The Innocent & The E Street Shuffle",1973,Columbia,1975,PC 32432,Pitman,,,,
"Springsteen, Bruce",Bruce Springsteen,Born to Run,1975,Columbia,1975,PC 33795,Pitman,,,Gatefold,
"Springsteen, Bruce",Bruce Springsteen,Darkness on the Edge of Town,1978,Columbia,1978,JC 35318,Terre Haute,,,,
"Springsteen, Bruce",Bruce Springsteen,The River,1980,Columbia,1980,PC2 36854,Terre Haute,2,,Insert,
"Springsteen, Bruce",Bruce Springsteen,Nebraska,1982,Columbia,2015,QC 38358,Reissue; Remaster; 180 gram,,,,
"Springsteen, Bruce",Bruce Springsteen,Born in the U.S.A.,1984,Columbia,1984,QC 38653,Carrollton,,,,
"Springsteen, Bruce",Bruce Springsteen,Tunnel of Love,1987,Columbia,1987,OC 40999,Carrollton,,,,
"Squier, Billy",Billy Squier,Don't Say No,1981,Capitol,1981,ST-12146,Winchester,,,,
Steely Dan,Steely Dan,Can't Buy a Thrill,1972,ABC,1972,ABCX-758,,,,Gatefold,
Steely Dan,Steely Dan,The Royal Scam,1976,ABC,1976,ABCD 931,Santa Maria,,,,A: 1.0 / 0.25
Steely Dan,Steely Dan,Greatest Hits,1978,ABC,1978,AK-1107/2,SP; Compilation,2,,Gatefold,
Steve Miller Band,Steve Miller Band,Brave New World,1969,Capitol,,SKAO-600184,Reissue; Club Edt.,,,Gatefold,
Steve Miller Band,Steve Miller Band,Fly Like an Eagle,1976,Capitol,1976,ST-11497,Jacksonville,,,,
Steve Miller Band,Steve Miller Band,Book of Dreams,1977,Capitol,1977,SO-11630,NAMI,,,,
Sugarcubes,The Sugarcubes,Life's Too Good,1988,One Little Independent,2022,tplp5,Reissue,,Orange,,
"Summer, Donna",Donna Summer,Bad Girls,1979,Casablanca,1979,NBLP-2-7150,,2,,Gatefold,
Talking Heads,Talking Heads,More Songs About Buildings and Food,1978,Sire,2013,R1 6058,Reissue; Remaster; 180 gram,,,,
Talking Heads,Talking Heads,Speaking in Tongues,1983,Sire,1983,9 23883-1,Allied,,,,
Tame Impala,Tame Impala,Tame Impala,2008,Modular,2013,MODVL174,Reissue; Limited,,Red,,
Tame Impala,Tame Impala,Innerspeaker,2011,Modular,2011,MODVL128,,2,,Gatefold,
Thundercat,Thundercat,It Is What It Is,2020,Brainfeeder,2020,BF100,,,Red,Insert,
Time,The Time,Ice Cream Castle,1984,Warner Bros.,1984,9 25109-1,Allied,,,,
"Townshend, Pete",Pete Townshend,Empty Glass,1980,ATCO,1980,SD 32-100,Specialty,,,,
"Townshend, Pete",Pete Townshend,All the Best Cowboys Have Chinese Eyes,1982,ATCO,1982,SD 38-149,Allied,,,Gatefold,
Trammps,The Trammps,Disco Inferno,1976,Atlantic,1976,SD 18211,,,,,
Traveling Wilburys,Traveling Wilburys,Traveling Wilburys Vol. 1,1988,Wilbury,1988,9 25796-1,,,,,
Tribe Called Quest,A Tribe Called Quest,Midnight Marauders,1993,Jive,2015,01241-41490-1,Reissue,,,,
"Turrentine, Stanley",Stanley Turrentine with Milt Jackson,Cherry,1972,CTI,1979,CTI 8010,Reissue,,,,
Turtles,The Turtles,You Baby,1966,White Whale,1966,WW-S 7112,,,,,
U2,U2,Boy,1980,Island,1982,90040-1,Specialty; Reissue,,,US cover,
U2,U2,Under a Blood Red Sky,1983,Island,1983,90127-1-B,AR - Allied,,,,
U2,U2,War,1983,Island,1983,90067-1,Purple label; Specialty pressing,,,Gatefold,
U2,U2,Wide Awake in America,1985,Island,1985,90279-1-A,EP,,,,
U2,U2,The Joshua Tree,1987,Island,1987,90581-1,Allied,,,Gatefold,
Upsetters,The Upsetters,Return of the Super Ape,1978,VP,2005,VP 1001,Reissue,,,,
Van Halen,Van Halen,Women and Children First,1980,Warner Bros.,1980,HS 3415,Club Edt.,,,,
Van Halen,Van Halen,1984,1984,Warner Bros.,1984,W1-23985,Pitman,,,,
"Vile, Kurt",Kurt Vile,Childish Prodigy,2009,Matador,2019,OLE-887-7,Reissue; Limited,,Blue,"7""; Insert",
"Vile, Kurt",Kurt Vile,Smoke Ring For My Halo,2011,Matador,2011,OLE-938-1,,,,Insert,
"Vile, Kurt",Kurt Vile,Wakin on a Pretty Daze,2013,Matador,2013,OLE 998-1,,2,,Gatefold,
"Vile, Kurt",Kurt Vile,b'lieve i'm goin (deep) down,2015,Matador,2015,OLE-1095-1,Limited,3,,Gatefold; Inserts,
"Vile, Kurt",Kurt Vile,Bottle It In,2018,Matador,2018,OLE-1146-1,,2,,Gatefold,
"Vile, Kurt",Kurt Vile,(watch my moves),2022,Verve,2022,3485101,Limited,2,Green (trans.),Gatefold,
"Vile, Kurt; Gunn, Steve",Kurt Vile; Steve Gunn,Gunn Vile,2015,Three Lobed,2017,TLR-111x,Reissue,,,,
"Vincent, Chet",Chet Vincent and the Big Bend,Unconventional Dog,2013,self-released,2013,,,,,,
"Waits, Tom",Tom Waits,Rain Dogs,1985,Island,2023,B0037078-01,Reissue; Remaster; 180 g,,,,
"Waits, Tom",Tom Waits,Bone Machine,1992,Island,2023,00602448898470,Reissue; Remaster; 180 g,,,,
"Wakeman, Rick",Rick Wakeman,Journey to the Centre of the Earth,1974,A&M,1974,SP-3621,Pitman,,,,
War,War,Why Can't We Be Friends?,1975,United Artists,1975,UA-LA441-G,,,,,A: 1.0 / 0.0
Waxahatchee,Waxahatchee,Saint Cloud,2020,Merge,2020,MRG704,,,,Poster,
Weather Report,Weather Report,Black Market,1976,Columbia,1976,PC 34099,Pitman,,,,
Ween,Ween,The Pod,1991,Chocodog,2023,CDR2023A,Reissue,2,Fuscus,Gatefold,
Weezer,Weezer,Weezer [Blue],1994,Geffen,2016,B0025152-01,Reissue; Remaster,,,,
Weezer,Weezer,Pinkerton,1996,DGC,2016,B0025153-01,Reissue; Remaster,,,,
Weezer,Weezer,Weezer [White],2016,Crush,2016,554625-1,,,,,
Weezer,Weezer,Pacific Daydream,2017,Crush,2017,563788-1,Limited,,Red w/ black splatter,Insert,
Weezer,Weezer,Weezer [Black],2019,Atlantic,2019,1-585330,Limited,,Clear/black split,,
Weezer,Weezer,OK Human,2021,Crush,2021,075678645853,Limited,,Clear rainbow splatter,,
Weezer,Weezer,Van Weezer,2021,Crush,2021,075678650925,Limited,,Pink (neon),,
"Welles, Orson",Orson Welles,The Begatting of the President,1970,United Artists,1972,UAS-5521,Reissue,,,Gatefold,
"West, Kanye",Kanye West,The College Dropout,2004,Roc-A-Fella,2004,B0002030-01,,2,,,
"West, Kanye",Kanye West,My Beautiful Dark Twisted Fantasy,2010,Roc-A-Fella,2010,B0014695-01,Limited,3,,Gatefold; Insert; Poster,
"West, Kanye",Kanye West,ye,2018,Def Jam,2018,B0028731-01,,,,,
Who,The Who,The Who Sell Out,1967,Polydor,2004,835 727-1,Reissue; Remaster; 180 gram,,,,
Who,The Who,Tommy,1969,Decca,1971,DXSW 7205,Reissue,2,,Gatefold,
Who,The Who,Live at Leeds,1970,MCA,1980,MCA-37000,Reissue,,,,
Who,The Who,Live at Leeds,1970,Polydor,2010,0602527500720,40th Anniversary Ultimate Collector's,,,Box set,
Who,The Who,Meaty Beaty Big and Bouncy,1971,Decca,1971,DL 79184,Gloversville; Compilation,,,Gatefold,
Who,The Who,Who's Next,1971,MCA,1980,MCA-1691,Reissue,,,,
Who,The Who,Who's Next,1971,MCA,2008,8136511,Reissue,,,,
Who,The Who,A Quick One (Happy Jack) / The Who Sell Out,1973,MCA,1980,MCA2-4067,Reissue,,,Rainbow label,
Who,The Who,Magic Bus / My Generation,1973,MCA,1976,MCA2-4068,Reissue,2,,Compilation; 2 album combo,
Who,The Who,Quadrophenia,1973,Track,1973,MCA2-10004,Pinckneyville,2,,Gatefold,C: 1.5 / 1.0
Who,The Who,Odds & Sods,1974,MCA,1981,MCA-37169,Reissue,,,"Compilation; ""$uper $tars at $uper $avings"" series",
Who,The Who,The Who By Numbers,1975,MCA,1975,MCA-2161,Gloversville,,,,
Who,The Who,Who Are You,1978,MCA,1980,MCA-3050,Pinckneyville; Reissue,,,,
Who,The Who,Face Dances,1981,Warner Bros.,1981,HS 3516,Los Angeles,,,,
Who,The Who,It's Hard,1982,Warner Bros.,1982,9 23731-1,Allied Press,,,,
Who,The Who,Join Together (Rarities),1982,Polydor,1982,2311 132,,,,Compilation,
"Womack, Bobby",Bobby Womack,So Many Rivers,1985,MCA,1985,MCA-5617,Pinckneyville,,,,
"Wonder, Stevie",Stevie Wonder,I Was Made to Love Her,1967,Motown,1982,5273ML,Reissue,,,,
"Wonder, Stevie",Eivets Rednow,Eivets Rednow,1968,Gordy,1968,GS932,Indianapolis,,,,
"Wonder, Stevie",Stevie Wonder,Innervisions,1973,Tamla,1976,T 326L,Superior; Reissue,,,Gatefold,
"Wonder, Stevie",Stevie Wonder,Fulfillingness' First Finale,1974,Tamla,1974,T6-332S1,,,,Gatefold,
"Wonder, Stevie",Stevie Wonder,Songs in the Key of Life,1976,Tamla,1976,T13-340C2,Terre Haute,2,,"7""; Booklet; Gatefold",E/F: 0.4 / 0.0
"Wonder, Stevie",Stevie Wonder,Hotter Than July,1980,Tamla,1980,T8-373M1,,,,Gatefold,
"Wonder, Stevie",Stevie Wonder,In Square Circle,1985,Tamla,1985,6134TL,,,,Gatefold; Embossed cover,
"Wonder, Stevie",Stevie Wonder,Characters,1987,Motown,1987,6248ML,Club Edt.,,,Gatefold,A: 1.3 / 1.0
Wu-Tang Clan,Wu-Tang Clan,Enter the Wu-Tang (36 Chambers),1993,RCA,2014,078623 66336-1,All Disc,,,,
Yes,Yes,Fragile,1971,Atlantic,1972,SD 7211,Record Club of America; Club Edt.,,,Gatefold,
Yes,Yes,The Yes Album,1971,Atlantic,1971,SD 8283,Philips,,,Gatefold,
Yes,Yes,Close to the Edge,1972,Atlantic,1977,SD 19133,Reissue,,,Gatefold,
Yes,Yes,Yessongs,1973,Atlantic,1973,SD 3-100 1196,,3,,Gatefold,
Yes,Yes,Relayer,1974,Atlantic,1974,SD 18122,,,,Gatefold,
Yes,Yes,90125,1983,ATCO,1983,90125-1,SP,,,,
"Young, Neil",Neil Young,After the Gold Rush,1970,Reprise,1970,RS 6383,,,,Gatefold,
"Young, Neil",Neil Young,Harvest,1972,Reprise,1972,MS 2032,Terre Haute,,,Gatefold; Insert,
"Young, Neil",Neil Young,Comes a Time,1978,Reprise,1978,MSK 2266,Winchester,,,,
"Young, Neil",Neil Young & Crazy Horse,Rust Never Sleeps,1979,Reprise,1979,HS 2295,,,,,
"Young, Neil",Neil Young,Trans,1983,Geffen,1983,GHS 2018,,,,,
"Zappa, Frank",The Mothers of Invention,Freak Out!,1966,Verve,1966,V6-5005-2X,MGM; Hot Spot Ad,2,,Gatefold,
"Zappa, Frank",The Mothers of Invention,Absolutely Free,1967,Zappa,2017,ZR 3835-1,Reissue;180 gram,2,,Gatefold; Booklet,
"Zappa, Frank",The Mothers of Invention,Cruising with Ruben & the Jets,1968,Verve,1968,V6-5055x,,,,Gatefold,
"Zappa, Frank",Frank Zappa,Lumpy Gravy,1968,Verve,1968,SVLP 9223,,,,Gatefold,
"Zappa, Frank",The Mothers of Invention,We're Only in It for the Money,1968,Verve,1968,V6-5045X,,,,Gatefold,
"Zappa, Frank",Frank Zappa,Hot Rats,1969,Bizarre,1969,RS 6356,,,,Gatefold,
"Zappa, Frank",The Mothers of Invention,Uncle Meat,1969,Bizarre,1969,2MS 2024,,2,,Gatefold; Booklet (missing pages),
"Zappa, Frank",The Mothers of Invention,Burnt Weeny Sandwich,1970,Bizarre,1970,RS 6370,Terre Haute,,,Gatefold,B: 1.3 / 1.5
"Zappa, Frank",Frank Zappa,Chunga's Revenge,1970,Bizarre,1970,MS 2030,Terre Haute,,,Gatefold,
"Zappa, Frank",Frank Zappa,200 Motels,1971,United Artists,1971,UAS 9956,,2,,Gatefold; Booklet; Poster,
"Zappa, Frank",The Mothers,Fillmore East - June 1971,1971,Reprise,1978,MS 2042,Reissue,,,,
"Zappa, Frank",Mothers,Just Another Band from L.A.,1972,Bizarre,1972,MS 2075,,,,Gatefold,
"Zappa, Frank",The Mothers,The Grand Wazoo,1972,Bizarre,1972,MS 2093,,,,Gatefold,
"Zappa, Frank",Frank Zappa,Waka/Jawaka - Hot Rats,1972,Bizarre,1972,MS 2094,Santa Maria; Promo,,,,A: 0.4 / 0.0
"Zappa, Frank",The Mothers,Over-Nite Sensation,1973,DiscReet,1973,MS 2149,Terre Haute,,,Gatefold,
"Zappa, Frank",Frank Zappa,Apostrophe ('),1974,DiscReet,1974,DS 2175,,,,,
"Zappa, Frank",Zappa / Beefheart / Mothers,Bongo Fury,1975,DiscReet,1975,DS 2234,Santa Maria,,,,
"Zappa, Frank",Frank Zappa,Zoot Allures,1976,Warner Bros.,1976,BS 2970,Los Angeles,,,,
"Zappa, Frank",Frank Zappa,Studio Tan,1978,DiscReet,1978,DSK 2291,Winchester,,,,
"Zappa, Frank",Frank Zappa,Zappa in New York,1978,DiscReet,1978,2D 2290,Jacksonville,2,,Gatefold,
"Zappa, Frank",Frank Zappa,Joe's Garage Act I,1979,Zappa,1979,MIP-1-9363,,,,Gatefold,
"Zappa, Frank",Frank Zappa,"Joe's Garage Acts 1, 2 & 3",1979,Zappa,2016,ZR 3861-1,Reissue; Remaster; 180g,3,,Gatefold; Insert,
"Zappa, Frank",Frank Zappa,Joe's Garage Acts II & III,1979,Zappa,1979,SRZ-2-1502,PRC-Richmond,2,,Gatefold; Lyric sheet,
"Zappa, Frank",Frank Zappa,Sheik Yerbouti,1979,Zappa,1979,SRZ-2-1501,,2,,Gatefold,
"Zappa, Frank",Frank Zappa,Sleep Dirt,1979,DiscReet,1979,DSK 2292,Winchester,,,,
"Zappa, Frank",Frank Zappa,You Are What You Is,1981,Barking Pumpkin,1981,PW2 37537,Santa Maria,2,,Gatefold,
"Zappa, Frank",Frank Zappa,Ship Arriving Too Late to Save a Drowning Witch,1982,CBS,1982,CBS 85804,,,,,
"Zappa, Frank",Frank Zappa,The Man From Utopia,1983,Barking Pumpkin,1983,FW 38403,Pitman,,,,
"Zappa, Frank",Frank Zappa,Boulez Conducts Zappa: The Perfect Stranger,1984,Angel,1984,DS 538170,,,,,
"Zappa, Frank",Frank Zappa,Frank Zappa Meets the Mothers of Prevention,1985,Barking Pumpkin,1985,ST-74203,Capitol L.A.,,,,
ZZ Top,ZZ Top,Tres Hombres,1973,London,1973,XPS 631,Terre Haute,,,Gatefold,
ZZ Top,ZZ Top,Fandango!,1975,London,1975,PS 656,Terre Haute,,,,
ZZ Top,ZZ Top,Eliminator,1983,Warner Bros.,1983,9 W1 23774-1,Pitman,,,,